image_id,filepath,lat,lon,country,region,city,source,capture_date,quality_score
1092180217956528,images\UA\1092180217956528.jpg,48.240618,22.437647,UA,Zakarpattia,Batiovo,osv5m,1563961825000,1.0
1184182465380179,images\UA\1184182465380179.jpg,48.236812,22.470141,UA,Zakarpattia,Batiovo,osv5m,1563961210000,1.0
540138656979362,images\UA\540138656979362.jpg,48.238409,22.435514,UA,Zakarpattia,Batiovo,osv5m,1563961847000,1.0
156199219807803,images\UA\156199219807803.jpg,48.231845,22.436262,UA,Zakarpattia,Batiovo,osv5m,1563961503000,1.0
259878205920431,images\UA\259878205920431.jpg,48.31938,22.300748,UA,Zakarpattia,Batiovo,osv5m,1563970555000,1.0
936181980528157,images\UA\936181980528157.jpg,48.224453,22.40878,UA,Zakarpattia,Batiovo,osv5m,1563967734000,1.0
157051356304276,images\UA\157051356304276.jpg,48.239147,22.477356,UA,Zakarpattia,Batiovo,osv5m,1563960989000,1.0
306077347804445,images\UA\306077347804445.jpg,48.236822,22.459648,UA,Zakarpattia,Batiovo,osv5m,1563961339000,1.0
1719462464892616,images\UA\1719462464892616.jpg,48.320068,22.301883,UA,Zakarpattia,Batiovo,osv5m,1563970549000,1.0
497280871465286,images\UA\497280871465286.jpg,48.22478,22.415916,UA,Zakarpattia,Batiovo,osv5m,1563967460000,1.0
137892188386059,images\UA\137892188386059.jpg,48.23044,22.44074,UA,Zakarpattia,Batiovo,osv5m,1563961472000,1.0
1155267564899884,images\UA\1155267564899884.jpg,48.321379,22.306042,UA,Zakarpattia,Batiovo,osv5m,1563970323000,1.0
181997357037833,images\UA\181997357037833.jpg,48.236287,22.434238,UA,Zakarpattia,Batiovo,osv5m,1563961865000,1.0
372427404211787,images\UA\372427404211787.jpg,48.224067,22.410652,UA,Zakarpattia,Batiovo,osv5m,1563967728000,1.0
2861933964068108,images\UA\2861933964068108.jpg,48.244566,22.444077,UA,Zakarpattia,Batiovo,osv5m,1563961666000,1.0
504594970734729,images\UA\504594970734729.jpg,48.22926,22.426618,UA,Zakarpattia,Batiovo,osv5m,1563961979000,1.0
279219720613619,images\UA\279219720613619.jpg,48.233022,22.45294,UA,Zakarpattia,Batiovo,osv5m,1563961394000,1.0
507686877311761,images\UA\507686877311761.jpg,48.321399,22.314108,UA,Zakarpattia,Batiovo,osv5m,1563970490000,1.0
383548886231377,images\UA\383548886231377.jpg,48.320267,22.302292,UA,Zakarpattia,Batiovo,osv5m,1563970547000,1.0
483863236168201,images\UA\483863236168201.jpg,48.195899,22.559614,UA,Zakarpattia,Berehove,osv5m,1563958225000,1.0
964810164257990,images\UA\964810164257990.jpg,48.195523,22.561907,UA,Zakarpattia,Berehove,osv5m,1563958190000,1.0
3457072621062998,images\UA\3457072621062998.jpg,48.196957,22.554731,UA,Zakarpattia,Berehove,osv5m,1563958343000,1.0
1044709196057754,images\UA\1044709196057754.jpg,48.656985,22.264762,UA,Zakarpattia,Uzhhorod,osv5m,1504176491495,1.0
493261278658114,images\UA\493261278658114.jpg,48.568425,22.173553,UA,Zakarpattia,Storozhnytsya,osv5m,1585297868000,1.0
765120570853718,images\UA\765120570853718.jpg,48.628312,22.102718,UA,Zakarpattia,Storozhnytsya,osv5m,1576237236313,1.0
1126034187903491,images\UA\1126034187903491.jpg,48.825123,22.358221,UA,Zakarpattia,Velykyi Bereznyi,osv5m,1559504546000,1.0
2825104811137226,images\UA\2825104811137226.jpg,48.907021,22.463657,UA,Zakarpattia,Velykyi Bereznyi,osv5m,1528009637000,1.0
376307916962318,images\UA\376307916962318.jpg,48.900906,22.387535,UA,Zakarpattia,Velykyi Bereznyi,osv5m,1528037268000,1.0
597252068050904,images\UA\597252068050904.jpg,48.914132,22.46412,UA,Zakarpattia,Velykyi Bereznyi,osv5m,1642947991400,1.0
292798769177486,images\UA\292798769177486.jpg,48.920828,22.455504,UA,Zakarpattia,Velykyi Bereznyi,osv5m,1532853719000,1.0
1035653540175915,images\UA\1035653540175915.jpg,48.851345,22.363668,UA,Zakarpattia,Velykyi Bereznyi,osv5m,1559504116000,1.0
2763694010560468,images\UA\2763694010560468.jpg,48.858877,22.361879,UA,Zakarpattia,Velykyi Bereznyi,osv5m,1559503929000,1.0
1889506707867460,images\UA\1889506707867460.jpg,48.907757,22.466289,UA,Zakarpattia,Velykyi Bereznyi,osv5m,1527928041000,1.0
402188961663455,images\UA\402188961663455.jpg,48.920238,22.464043,UA,Zakarpattia,Velykyi Bereznyi,osv5m,1642947882800,1.0
1089682138219052,images\UA\1089682138219052.jpg,48.904397,22.458511,UA,Zakarpattia,Velykyi Bereznyi,osv5m,1527927871000,1.0
294395125666645,images\UA\294395125666645.jpg,48.856789,22.35639,UA,Zakarpattia,Velykyi Bereznyi,osv5m,1559503563000,1.0
743304029681310,images\UA\743304029681310.jpg,48.855528,22.361887,UA,Zakarpattia,Velykyi Bereznyi,osv5m,1559504047000,1.0
1801291333399177,images\UA\1801291333399177.jpg,48.915945,22.464128,UA,Zakarpattia,Velykyi Bereznyi,osv5m,1642947957800,1.0
141589744620775,images\UA\141589744620775.jpg,48.847116,22.359136,UA,Zakarpattia,Velykyi Bereznyi,osv5m,1559504169000,1.0
466947534533639,images\UA\466947534533639.jpg,48.91018,22.480935,UA,Zakarpattia,Velykyi Bereznyi,osv5m,1527928289000,1.0
548100393262279,images\UA\548100393262279.jpg,48.918851,22.456409,UA,Zakarpattia,Velykyi Bereznyi,osv5m,1532885909000,1.0
190972556083443,images\UA\190972556083443.jpg,48.916523,22.37178,UA,Zakarpattia,Velykyi Bereznyi,osv5m,1528037514000,1.0
476346980298250,images\UA\476346980298250.jpg,48.68421,22.243136,UA,Zakarpattia,Storozhnytsya,osv5m,1500470161024,1.0
1294707194362822,images\UA\1294707194362822.jpg,48.920885,22.463852,UA,Zakarpattia,Velykyi Bereznyi,osv5m,1642947869800,1.0
480930009679775,images\UA\480930009679775.jpg,48.817312,22.346055,UA,Zakarpattia,Kamianytsia,osv5m,1559505865000,1.0
467277931597945,images\UA\467277931597945.jpg,48.911618,22.465018,UA,Zakarpattia,Velykyi Bereznyi,osv5m,1642948049200,1.0
923866758494595,images\UA\923866758494595.jpg,48.910223,22.466427,UA,Zakarpattia,Velykyi Bereznyi,osv5m,1642948079000,1.0
308417554012373,images\UA\308417554012373.jpg,48.905482,22.458508,UA,Zakarpattia,Velykyi Bereznyi,osv5m,1527927882000,1.0
779314686292438,images\UA\779314686292438.jpg,48.902008,22.386029,UA,Zakarpattia,Velykyi Bereznyi,osv5m,1528037279000,1.0
1159431108149376,images\UA\1159431108149376.jpg,48.894309,22.405333,UA,Zakarpattia,Velykyi Bereznyi,osv5m,1420768723500,1.0
208766967501099,images\UA\208766967501099.jpg,48.684928,22.242374,UA,Zakarpattia,Storozhnytsya,osv5m,1500470166153,1.0
210194444017918,images\UA\210194444017918.jpg,48.909917,22.459371,UA,Zakarpattia,Velykyi Bereznyi,osv5m,1532853607000,1.0
491430801983831,images\UA\491430801983831.jpg,48.90524,22.465076,UA,Zakarpattia,Velykyi Bereznyi,osv5m,1527961156000,1.0
145733367848144,images\UA\145733367848144.jpg,48.915884,22.464123,UA,Zakarpattia,Velykyi Bereznyi,osv5m,1642947959200,1.0
297332678627238,images\UA\297332678627238.jpg,48.90774,22.471612,UA,Zakarpattia,Velykyi Bereznyi,osv5m,1528009440000,1.0
461758898267982,images\UA\461758898267982.jpg,48.906757,22.465807,UA,Zakarpattia,Velykyi Bereznyi,osv5m,1527960570000,1.0
4501956479818673,images\UA\4501956479818673.jpg,48.911649,22.372152,UA,Zakarpattia,Velykyi Bereznyi,osv5m,1528037480000,1.0
500087594520282,images\UA\500087594520282.jpg,48.900634,22.517277,UA,Zakarpattia,Velykyi Bereznyi,osv5m,1559490340000,1.0
4432457083431713,images\UA\4432457083431713.jpg,48.899383,22.527477,UA,Zakarpattia,Velykyi Bereznyi,osv5m,1559490768000,1.0
975835549622921,images\UA\975835549622921.jpg,48.899705,22.527406,UA,Zakarpattia,Velykyi Bereznyi,osv5m,1559492014000,1.0
479127416535912,images\UA\479127416535912.jpg,48.900725,22.527083,UA,Zakarpattia,Velykyi Bereznyi,osv5m,1559490716000,1.0
454199642346132,images\UA\454199642346132.jpg,48.899883,22.504698,UA,Zakarpattia,Velykyi Bereznyi,osv5m,1559490234000,1.0
1139842816492755,images\UA\1139842816492755.jpg,48.921938,22.45538,UA,Zakarpattia,Velykyi Bereznyi,osv5m,1532885893000,1.0
3808403135924416,images\UA\3808403135924416.jpg,48.932455,22.460892,UA,Zakarpattia,Velykyi Bereznyi,osv5m,1532854351000,1.0
3127861960830074,images\UA\3127861960830074.jpg,48.923589,22.461218,UA,Zakarpattia,Velykyi Bereznyi,osv5m,1642947808600,1.0
512618683246296,images\UA\512618683246296.jpg,48.925758,22.312255,UA,Zakarpattia,Velykyi Bereznyi,osv5m,1527886502000,1.0
647287659748744,images\UA\647287659748744.jpg,48.922355,22.462738,UA,Zakarpattia,Velykyi Bereznyi,osv5m,1642947834600,1.0
507867203681569,images\UA\507867203681569.jpg,48.928977,22.361682,UA,Zakarpattia,Velykyi Bereznyi,osv5m,1528037620000,1.0
458880921862758,images\UA\458880921862758.jpg,48.924791,22.316351,UA,Zakarpattia,Velykyi Bereznyi,osv5m,1527886521000,1.0
280925380771550,images\UA\280925380771550.jpg,48.922155,22.462733,UA,Zakarpattia,Velykyi Bereznyi,osv5m,1642947837400,1.0
1210258952762723,images\UA\1210258952762723.jpg,48.926763,22.302259,UA,Zakarpattia,Velykyi Bereznyi,osv5m,1527886458000,1.0
475785137067366,images\UA\475785137067366.jpg,48.924162,22.326088,UA,Zakarpattia,Velykyi Bereznyi,osv5m,1527886590000,1.0
817477745839659,images\UA\817477745839659.jpg,48.94053,22.477395,UA,Zakarpattia,Velykyi Bereznyi,osv5m,1532854457000,1.0
117736467291020,images\UA\117736467291020.jpg,48.921754,22.463038,UA,Zakarpattia,Velykyi Bereznyi,osv5m,1642947847400,1.0
397086327978354,images\UA\397086327978354.jpg,48.936455,22.46603,UA,Zakarpattia,Velykyi Bereznyi,osv5m,1532854391000,1.0
506111810522332,images\UA\506111810522332.jpg,49.006887,22.63855,UA,Zakarpattia,Velykyi Bereznyi,osv5m,1532864645000,1.0
527742294894532,images\UA\527742294894532.jpg,48.940275,22.667806,UA,Zakarpattia,Velykyi Bereznyi,osv5m,1532858127000,1.0
318829926476043,images\UA\318829926476043.jpg,48.954358,22.546494,UA,Zakarpattia,Velykyi Bereznyi,osv5m,1608464668000,1.0
358021565707357,images\UA\358021565707357.jpg,48.951746,22.512895,UA,Zakarpattia,Velykyi Bereznyi,osv5m,1532885593000,1.0
939407866858466,images\UA\939407866858466.jpg,48.984239,22.632331,UA,Zakarpattia,Velykyi Bereznyi,osv5m,1532884685000,1.0
366887684734913,images\UA\366887684734913.jpg,48.944144,22.675275,UA,Zakarpattia,Velykyi Bereznyi,osv5m,1532856239000,1.0
305331401175677,images\UA\305331401175677.jpg,48.951184,22.539819,UA,Zakarpattia,Velykyi Bereznyi,osv5m,1532854793000,1.0
938254770265580,images\UA\938254770265580.jpg,48.9528,22.546191,UA,Zakarpattia,Velykyi Bereznyi,osv5m,1532854831000,1.0
291106649360068,images\UA\291106649360068.jpg,48.942227,22.575606,UA,Zakarpattia,Velykyi Bereznyi,osv5m,1532885321000,1.0
744338656216242,images\UA\744338656216242.jpg,49.027934,22.595102,UA,Zakarpattia,Velykyi Bereznyi,osv5m,1532865369000,1.0
4021977104559985,images\UA\4021977104559985.jpg,49.022424,22.635006,UA,Zakarpattia,Velykyi Bereznyi,osv5m,1532879060000,1.0
1202643723511336,images\UA\1202643723511336.jpg,48.953201,22.526618,UA,Zakarpattia,Velykyi Bereznyi,osv5m,1532854731000,1.0
2925288021124859,images\UA\2925288021124859.jpg,48.94594,22.679572,UA,Zakarpattia,Velykyi Bereznyi,osv5m,1532857417728,1.0
1544076122605689,images\UA\1544076122605689.jpg,48.955324,22.546066,UA,Zakarpattia,Velykyi Bereznyi,osv5m,1608464679000,1.0
3960752884031531,images\UA\3960752884031531.jpg,48.946085,22.679205,UA,Zakarpattia,Velykyi Bereznyi,osv5m,1532857407000,1.0
508297573915521,images\UA\508297573915521.jpg,49.029299,22.590983,UA,Zakarpattia,Velykyi Bereznyi,osv5m,1532877864960,1.0
2434315373378563,images\UA\2434315373378563.jpg,48.952026,22.534388,UA,Zakarpattia,Velykyi Bereznyi,osv5m,1532885503000,1.0
212875810606934,images\UA\212875810606934.jpg,48.942133,22.584225,UA,Zakarpattia,Velykyi Bereznyi,osv5m,1532855085000,1.0
1440844636251637,images\UA\1440844636251637.jpg,48.961894,22.549139,UA,Zakarpattia,Velykyi Bereznyi,osv5m,1608464745000,1.0
4006976899337932,images\UA\4006976899337932.jpg,48.955886,22.546297,UA,Zakarpattia,Velykyi Bereznyi,osv5m,1608464686000,1.0
1144619899339079,images\UA\1144619899339079.jpg,49.041481,22.581293,UA,Zakarpattia,Velykyi Bereznyi,osv5m,1532876554240,1.0
2840346326219700,images\UA\2840346326219700.jpg,48.942361,22.669452,UA,Zakarpattia,Velykyi Bereznyi,osv5m,1532858019000,1.0
746142516078280,images\UA\746142516078280.jpg,49.013789,22.622285,UA,Zakarpattia,Velykyi Bereznyi,osv5m,1532883981000,1.0
754269588455096,images\UA\754269588455096.jpg,48.953112,22.518693,UA,Zakarpattia,Velykyi Bereznyi,osv5m,1532854695000,1.0
778537719518365,images\UA\778537719518365.jpg,49.030093,22.590493,UA,Zakarpattia,Velykyi Bereznyi,osv5m,1532877848000,1.0
149431033857662,images\UA\149431033857662.jpg,49.027777,22.64029,UA,Zakarpattia,Velykyi Bereznyi,osv5m,1532880339000,1.0
467008061238144,images\UA\467008061238144.jpg,48.953769,22.546951,UA,Zakarpattia,Velykyi Bereznyi,osv5m,1608464661000,1.0
322676015888694,images\UA\322676015888694.jpg,49.036941,22.581571,UA,Zakarpattia,Velykyi Bereznyi,osv5m,1532865665000,1.0
992200284517807,images\UA\992200284517807.jpg,49.023575,22.637859,UA,Zakarpattia,Velykyi Bereznyi,osv5m,1532883323000,1.0
3551375091635220,images\UA\3551375091635220.jpg,48.945781,22.49559,UA,Zakarpattia,Velykyi Bereznyi,osv5m,1532885677000,1.0
312684183647533,images\UA\312684183647533.jpg,49.026745,22.639396,UA,Zakarpattia,Velykyi Bereznyi,osv5m,1532880471000,1.0
827850881447662,images\UA\827850881447662.jpg,48.958962,22.547741,UA,Zakarpattia,Velykyi Bereznyi,osv5m,1608464717000,1.0
1214888098927192,images\UA\1214888098927192.jpg,49.00626,22.638454,UA,Zakarpattia,Velykyi Bereznyi,osv5m,1532864639000,1.0
3678134732298123,images\UA\3678134732298123.jpg,49.028999,22.590542,UA,Zakarpattia,Velykyi Bereznyi,osv5m,1532877199000,1.0
498128194786318,images\UA\498128194786318.jpg,48.942713,22.623558,UA,Zakarpattia,Velykyi Bereznyi,osv5m,1532855417000,1.0
808349206756360,images\UA\808349206756360.jpg,48.935405,22.667519,UA,Zakarpattia,Velykyi Bereznyi,osv5m,1532858287000,1.0
313046260264437,images\UA\313046260264437.jpg,48.951621,22.510553,UA,Zakarpattia,Velykyi Bereznyi,osv5m,1532885601000,1.0
740178969987056,images\UA\740178969987056.jpg,49.007875,22.638486,UA,Zakarpattia,Velykyi Bereznyi,osv5m,1532884131000,1.0
2316420818502564,images\UA\2316420818502564.jpg,48.948386,22.654807,UA,Zakarpattia,Velykyi Bereznyi,osv5m,1532855695000,1.0
1155160621564321,images\UA\1155160621564321.jpg,48.946107,22.6767,UA,Zakarpattia,Velykyi Bereznyi,osv5m,1532856055000,1.0
2638361746461758,images\UA\2638361746461758.jpg,48.95283,22.551327,UA,Zakarpattia,Velykyi Bereznyi,osv5m,1532885431000,1.0
485057936105649,images\UA\485057936105649.jpg,45.763047,28.521641,UA,Odessa,Zaliznychne,osv5m,1434971479000,1.0
615281372764061,images\UA\615281372764061.jpg,45.77756,28.570881,UA,Odessa,Zaliznychne,osv5m,1571483626190,1.0
1248347155580603,images\UA\1248347155580603.jpg,45.748047,28.508181,UA,Odessa,Vynohradivka,osv5m,1434972259000,1.0
503529290835580,images\UA\503529290835580.jpg,45.770874,28.52605,UA,Odessa,Zaliznychne,osv5m,1434971401000,1.0
534591774229850,images\UA\534591774229850.jpg,45.770295,28.571844,UA,Odessa,Zaliznychne,osv5m,1571483676061,1.0
2847087188890236,images\UA\2847087188890236.jpg,45.779866,28.570249,UA,Odessa,Zaliznychne,osv5m,1571483607793,1.0
782078985810873,images\UA\782078985810873.jpg,45.769921,28.526283,UA,Odessa,Zaliznychne,osv5m,1434971408000,1.0
2898382873812116,images\UA\2898382873812116.jpg,45.697621,28.497101,UA,Odessa,Vynohradivka,osv5m,1559382849250,1.0
794622687722540,images\UA\794622687722540.jpg,45.775364,28.524996,UA,Odessa,Zaliznychne,osv5m,1434971375000,1.0
820813001867982,images\UA\820813001867982.jpg,45.770793,28.571897,UA,Odessa,Zaliznychne,osv5m,1571483673364,1.0
467258557670723,images\UA\467258557670723.jpg,45.754644,28.574007,UA,Odessa,Zaliznychne,osv5m,1571483752894,1.0
299244081834637,images\UA\299244081834637.jpg,45.761054,28.521889,UA,Odessa,Zaliznychne,osv5m,1434972659000,1.0
758938104792849,images\UA\758938104792849.jpg,45.76773,28.571914,UA,Odessa,Zaliznychne,osv5m,1603900720800,1.0
2578129825822549,images\UA\2578129825822549.jpg,45.784727,28.56925,UA,Odessa,Zaliznychne,osv5m,1571483571241,1.0
506873730730038,images\UA\506873730730038.jpg,45.760392,28.522046,UA,Odessa,Vynohradivka,osv5m,1434972639000,1.0
317616783152059,images\UA\317616783152059.jpg,45.74978,28.50778,UA,Odessa,Vynohradivka,osv5m,1434972283000,1.0
469338217499750,images\UA\469338217499750.jpg,45.779134,28.541652,UA,Odessa,Zaliznychne,osv5m,1434971206000,1.0
907683753421476,images\UA\907683753421476.jpg,45.696496,28.492326,UA,Odessa,Vynohradivka,osv5m,1559382866750,1.0
534085777759691,images\UA\534085777759691.jpg,45.784211,28.569313,UA,Odessa,Zaliznychne,osv5m,1571483574129,1.0
154198320050982,images\UA\154198320050982.jpg,45.784879,28.569232,UA,Odessa,Zaliznychne,osv5m,1571483570480,1.0
1128230721023959,images\UA\1128230721023959.jpg,45.780133,28.570177,UA,Odessa,Zaliznychne,osv5m,1571483605410,1.0
151747100259301,images\UA\151747100259301.jpg,45.781377,28.56983,UA,Odessa,Zaliznychne,osv5m,1571483591845,1.0
471758550557423,images\UA\471758550557423.jpg,45.749886,28.57488,UA,Odessa,Zaliznychne,osv5m,1571483775491,1.0
289335129574877,images\UA\289335129574877.jpg,45.755684,28.574299,UA,Odessa,Zaliznychne,osv5m,1571483749161,1.0
323330839165619,images\UA\323330839165619.jpg,45.744819,28.508829,UA,Odessa,Vynohradivka,osv5m,1434972216000,1.0
765691617671675,images\UA\765691617671675.jpg,45.778578,28.570606,UA,Odessa,Zaliznychne,osv5m,1571483618312,1.0
413807526723550,images\UA\413807526723550.jpg,45.776974,28.57107,UA,Odessa,Zaliznychne,osv5m,1571483631891,1.0
498623761336533,images\UA\498623761336533.jpg,45.730728,28.582956,UA,Odessa,Zaliznychne,osv5m,1571483902882,1.0
2868747266673080,images\UA\2868747266673080.jpg,45.761979,28.52162,UA,Odessa,Zaliznychne,osv5m,1434972676000,1.0
252024853337303,images\UA\252024853337303.jpg,45.758014,28.573377,UA,Odessa,Zaliznychne,osv5m,1571483737824,1.0
752451888783505,images\UA\752451888783505.jpg,45.758312,28.509306,UA,Odessa,Vynohradivka,osv5m,1434972560000,1.0
493193458589627,images\UA\493193458589627.jpg,45.745265,28.508764,UA,Odessa,Vynohradivka,osv5m,1434972225000,1.0
330856928398262,images\UA\330856928398262.jpg,45.75711,28.506033,UA,Odessa,Vynohradivka,osv5m,1434972505000,1.0
466488214581636,images\UA\466488214581636.jpg,45.766051,28.525239,UA,Odessa,Zaliznychne,osv5m,1434972721000,1.0
1192294187893199,images\UA\1192294187893199.jpg,45.790961,28.566362,UA,Odessa,Zaliznychne,osv5m,1434970698000,1.0
812978966322387,images\UA\812978966322387.jpg,45.770409,28.571911,UA,Odessa,Zaliznychne,osv5m,1571483675207,1.0
220782266190927,images\UA\220782266190927.jpg,45.772788,28.571654,UA,Odessa,Zaliznychne,osv5m,1571483660221,1.0
807413846549710,images\UA\807413846549710.jpg,45.761298,28.521781,UA,Odessa,Zaliznychne,osv5m,1434971504000,1.0
316972993371129,images\UA\316972993371129.jpg,45.758943,28.521367,UA,Odessa,Vynohradivka,osv5m,1434972618000,1.0
1407021719657347,images\UA\1407021719657347.jpg,45.77316,28.57161,UA,Odessa,Zaliznychne,osv5m,1571483658050,1.0
1038424443232241,images\UA\1038424443232241.jpg,45.728738,28.583228,UA,Odessa,Zaliznychne,osv5m,1571485130551,1.0
784455295773807,images\UA\784455295773807.jpg,45.756176,28.574108,UA,Odessa,Zaliznychne,osv5m,1571483746547,1.0
247102717185587,images\UA\247102717185587.jpg,45.771208,28.525971,UA,Odessa,Zaliznychne,osv5m,1434971399000,1.0
307436570950448,images\UA\307436570950448.jpg,45.757562,28.57354,UA,Odessa,Zaliznychne,osv5m,1571483739993,1.0
808170980138010,images\UA\808170980138010.jpg,45.757442,28.573587,UA,Odessa,Zaliznychne,osv5m,1571483740586,1.0
180626743846498,images\UA\180626743846498.jpg,45.751075,28.574865,UA,Odessa,Zaliznychne,osv5m,1571483770234,1.0
514201249935326,images\UA\514201249935326.jpg,45.729939,28.583042,UA,Odessa,Zaliznychne,osv5m,1571483921474,1.0
281235317030651,images\UA\281235317030651.jpg,45.780627,28.570025,UA,Odessa,Zaliznychne,osv5m,1571483601090,1.0
838681676996547,images\UA\838681676996547.jpg,45.774871,28.525111,UA,Odessa,Zaliznychne,osv5m,1434971378000,1.0
764188724266101,images\UA\764188724266101.jpg,45.758684,28.517683,UA,Odessa,Vynohradivka,osv5m,1434971569000,1.0
276724214154678,images\UA\276724214154678.jpg,45.773271,28.571596,UA,Odessa,Zaliznychne,osv5m,1571483657453,1.0
190901462905425,images\UA\190901462905425.jpg,45.750856,28.574871,UA,Odessa,Zaliznychne,osv5m,1571483771190,1.0
845351976324896,images\UA\845351976324896.jpg,45.75316,28.573902,UA,Odessa,Zaliznychne,osv5m,1603900641800,1.0
468327004469808,images\UA\468327004469808.jpg,45.775992,28.571259,UA,Odessa,Zaliznychne,osv5m,1571483639256,1.0
220495052885916,images\UA\220495052885916.jpg,45.780385,28.570103,UA,Odessa,Zaliznychne,osv5m,1571483603219,1.0
346252590220668,images\UA\346252590220668.jpg,45.778247,28.570697,UA,Odessa,Zaliznychne,osv5m,1571483620970,1.0
272850081255029,images\UA\272850081255029.jpg,45.81877,28.574957,UA,Odessa,Zaliznychne,osv5m,1434970528000,1.0
4155926744485989,images\UA\4155926744485989.jpg,45.803192,28.574799,UA,Odessa,Zaliznychne,osv5m,1434970616000,1.0
2954743938131479,images\UA\2954743938131479.jpg,45.801995,28.575038,UA,Odessa,Zaliznychne,osv5m,1571483434928,1.0
481600893074633,images\UA\481600893074633.jpg,45.822122,28.57561,UA,Odessa,Zaliznychne,osv5m,1434970506000,1.0
228246775389972,images\UA\228246775389972.jpg,45.807803,28.574675,UA,Odessa,Zaliznychne,osv5m,1434970595000,1.0
381741279860492,images\UA\381741279860492.jpg,45.82332,28.575939,UA,Odessa,Zaliznychne,osv5m,1434970497000,1.0
564164754566009,images\UA\564164754566009.jpg,45.811855,28.574294,UA,Odessa,Zaliznychne,osv5m,1571483395904,1.0
871759066888365,images\UA\871759066888365.jpg,45.805859,28.574809,UA,Odessa,Zaliznychne,osv5m,1434970604000,1.0
5729173430457817,images\UA\5729173430457817.jpg,45.803414,28.5748,UA,Odessa,Zaliznychne,osv5m,1434970615000,1.0
333936774983761,images\UA\333936774983761.jpg,45.804753,28.574803,UA,Odessa,Zaliznychne,osv5m,1434970609000,1.0
319945069644152,images\UA\319945069644152.jpg,45.827222,28.577001,UA,Odessa,Zaliznychne,osv5m,1434970480000,1.0
1484400845227541,images\UA\1484400845227541.jpg,45.829863,28.577511,UA,Odessa,Zaliznychne,osv5m,1434970468000,1.0
2475473775931849,images\UA\2475473775931849.jpg,45.810322,28.57428,UA,Odessa,Zaliznychne,osv5m,1434970583000,1.0
844878892766499,images\UA\844878892766499.jpg,45.824441,28.576245,UA,Odessa,Zaliznychne,osv5m,1434970492000,1.0
250976423448060,images\UA\250976423448060.jpg,45.812887,28.574342,UA,Odessa,Zaliznychne,osv5m,1434970570000,1.0
504442167415834,images\UA\504442167415834.jpg,45.815682,28.574628,UA,Odessa,Zaliznychne,osv5m,1434970553000,1.0
493422448528096,images\UA\493422448528096.jpg,45.792945,28.567946,UA,Odessa,Zaliznychne,osv5m,1571483490028,1.0
2902580683340928,images\UA\2902580683340928.jpg,45.816932,28.574769,UA,Odessa,Zaliznychne,osv5m,1434970539000,1.0
335251611273954,images\UA\335251611273954.jpg,45.835198,28.577586,UA,Odessa,Zaliznychne,osv5m,1571483302430,1.0
337162257755155,images\UA\337162257755155.jpg,45.820777,28.57531,UA,Odessa,Zaliznychne,osv5m,1571483353881,1.0
139501291468200,images\UA\139501291468200.jpg,45.827887,28.577179,UA,Odessa,Zaliznychne,osv5m,1434970477000,1.0
359922532427552,images\UA\359922532427552.jpg,45.837911,28.577618,UA,Odessa,Zaliznychne,osv5m,1571483293749,1.0
143563011149446,images\UA\143563011149446.jpg,46.559649,29.125544,UA,Odessa,Serpneve,osv5m,1434621394000,1.0
148272907339448,images\UA\148272907339448.jpg,46.556512,29.124722,UA,Odessa,Serpneve,osv5m,1434630269000,1.0
306567017720702,images\UA\306567017720702.jpg,46.540768,30.047515,UA,Odessa,Lymanske,osv5m,1589653917200,1.0
1384759981906642,images\UA\1384759981906642.jpg,46.540432,30.047969,UA,Odessa,Lymanske,osv5m,1589635226200,1.0
307507464196728,images\UA\307507464196728.jpg,46.410588,30.100196,UA,Odessa,Starokozache,osv5m,1570888960333,1.0
491265198583727,images\UA\491265198583727.jpg,46.39146,30.090716,UA,Odessa,Starokozache,osv5m,1498394017345,1.0
853600502168257,images\UA\853600502168257.jpg,46.412509,30.076618,UA,Odessa,Starokozache,osv5m,1570888821810,1.0
322747232566954,images\UA\322747232566954.jpg,46.413459,30.069599,UA,Odessa,Starokozache,osv5m,1570888795946,1.0
507263200407324,images\UA\507263200407324.jpg,46.462391,29.905845,UA,Odessa,Starokozache,osv5m,1570888009600,1.0
3324941337732112,images\UA\3324941337732112.jpg,46.542663,30.043437,UA,Odessa,Lymanske,osv5m,1589635252200,1.0
322193456096283,images\UA\322193456096283.jpg,46.421829,29.954431,UA,Odessa,Starokozache,osv5m,1570888202478,1.0
861068724499724,images\UA\861068724499724.jpg,46.448195,29.923656,UA,Odessa,Starokozache,osv5m,1570888078443,1.0
854510195411644,images\UA\854510195411644.jpg,46.401927,29.979273,UA,Odessa,Starokozache,osv5m,1570888355884,1.0
3937187703042661,images\UA\3937187703042661.jpg,46.394018,30.092618,UA,Odessa,Starokozache,osv5m,1498730091027,1.0
854716078466353,images\UA\854716078466353.jpg,46.42628,30.019778,UA,Odessa,Starokozache,osv5m,1570888517821,1.0
321294416339671,images\UA\321294416339671.jpg,46.405818,30.104775,UA,Odessa,Bilyayivka,osv5m,1498394081366,1.0
2857910964422880,images\UA\2857910964422880.jpg,46.408504,30.107596,UA,Odessa,Bilyayivka,osv5m,1498730017071,1.0
932366744227090,images\UA\932366744227090.jpg,46.411813,30.08025,UA,Odessa,Starokozache,osv5m,1570888843756,1.0
459865825309091,images\UA\459865825309091.jpg,46.463651,29.904255,UA,Odessa,Starokozache,osv5m,1570888003946,1.0
295598915537066,images\UA\295598915537066.jpg,46.418116,30.00699,UA,Odessa,Starokozache,osv5m,1570888466480,1.0
972517826851819,images\UA\972517826851819.jpg,46.538932,30.030498,UA,Odessa,Lymanske,osv5m,1589653824800,1.0
275964834167905,images\UA\275964834167905.jpg,46.396539,30.095118,UA,Odessa,Starokozache,osv5m,1498730079024,1.0
1011712535900422,images\UA\1011712535900422.jpg,46.41692,30.062104,UA,Odessa,Starokozache,osv5m,1570888767788,1.0
2944154489176939,images\UA\2944154489176939.jpg,46.434549,29.940802,UA,Odessa,Starokozache,osv5m,1570888143944,1.0
1443096459368184,images\UA\1443096459368184.jpg,46.425234,30.018247,UA,Odessa,Starokozache,osv5m,1570888511067,1.0
320158069467308,images\UA\320158069467308.jpg,46.392585,30.091515,UA,Odessa,Starokozache,osv5m,1498730097188,1.0
1613423825529422,images\UA\1613423825529422.jpg,46.451481,29.919517,UA,Odessa,Starokozache,osv5m,1570888062269,1.0
639904836967790,images\UA\639904836967790.jpg,46.409603,30.08531,UA,Odessa,Starokozache,osv5m,1570888883907,1.0
153594473325868,images\UA\153594473325868.jpg,46.398965,29.971389,UA,Odessa,Starokozache,osv5m,1570888305107,1.0
228235985308184,images\UA\228235985308184.jpg,46.451112,29.919986,UA,Odessa,Starokozache,osv5m,1570888064237,1.0
326467742332684,images\UA\326467742332684.jpg,46.447162,29.924984,UA,Odessa,Starokozache,osv5m,1570888083291,1.0
956427065184250,images\UA\956427065184250.jpg,46.444826,29.927922,UA,Odessa,Starokozache,osv5m,1570888095226,1.0
505968210591145,images\UA\505968210591145.jpg,46.430209,30.05067,UA,Odessa,Starokozache,osv5m,1570888666048,1.0
940474360083021,images\UA\940474360083021.jpg,46.404011,29.967649,UA,Odessa,Starokozache,osv5m,1570888276548,1.0
2565980447044060,images\UA\2565980447044060.jpg,46.411913,30.101562,UA,Odessa,Bilyayivka,osv5m,1570888971130,1.0
211103853949125,images\UA\211103853949125.jpg,46.537824,30.052518,UA,Odessa,Lymanske,osv5m,1589635207800,1.0
572983457022611,images\UA\572983457022611.jpg,46.432996,30.030898,UA,Odessa,Starokozache,osv5m,1576396174800,1.0
2244071002395904,images\UA\2244071002395904.jpg,46.429766,29.946851,UA,Odessa,Starokozache,osv5m,1570888166806,1.0
221378096115224,images\UA\221378096115224.jpg,46.410305,30.081287,UA,Odessa,Starokozache,osv5m,1570888855917,1.0
171201008153407,images\UA\171201008153407.jpg,46.453191,29.917417,UA,Odessa,Starokozache,osv5m,1570888053321,1.0
147200553989358,images\UA\147200553989358.jpg,46.411194,30.11039,UA,Odessa,Bilyayivka,osv5m,1573894869083,1.0
393528141742445,images\UA\393528141742445.jpg,46.540035,30.048501,UA,Odessa,Lymanske,osv5m,1589653923100,1.0
371264470988092,images\UA\371264470988092.jpg,46.424672,30.01768,UA,Odessa,Starokozache,osv5m,1570888508790,1.0
1413909598967983,images\UA\1413909598967983.jpg,46.463772,29.90411,UA,Odessa,Starokozache,osv5m,1570888003522,1.0
806054986692177,images\UA\806054986692177.jpg,46.413759,29.960397,UA,Odessa,Starokozache,osv5m,1570888234826,1.0
765305017451391,images\UA\765305017451391.jpg,46.417972,29.957306,UA,Odessa,Starokozache,osv5m,1570888218625,1.0
275998360851402,images\UA\275998360851402.jpg,46.411472,30.112359,UA,Odessa,Bilyayivka,osv5m,1498729998109,1.0
493522598520830,images\UA\493522598520830.jpg,46.430206,30.050804,UA,Odessa,Starokozache,osv5m,1570888666668,1.0
391143025227548,images\UA\391143025227548.jpg,46.401903,30.100723,UA,Odessa,Starokozache,osv5m,1498394063514,1.0
591158078524489,images\UA\591158078524489.jpg,46.40992,30.109294,UA,Odessa,Bilyayivka,osv5m,1498730009187,1.0
295105568824241,images\UA\295105568824241.jpg,46.42667,30.020677,UA,Odessa,Starokozache,osv5m,1570888521312,1.0
481837779791496,images\UA\481837779791496.jpg,46.412515,30.075404,UA,Odessa,Starokozache,osv5m,1570888816967,1.0
568665487452332,images\UA\568665487452332.jpg,46.446294,29.926009,UA,Odessa,Starokozache,osv5m,1573969643157,1.0
849655672427227,images\UA\849655672427227.jpg,46.412943,29.998141,UA,Odessa,Starokozache,osv5m,1570888432459,1.0
275648810947734,images\UA\275648810947734.jpg,46.400325,29.976048,UA,Odessa,Starokozache,osv5m,1614005505500,1.0
473939833888268,images\UA\473939833888268.jpg,46.445789,29.926696,UA,Odessa,Starokozache,osv5m,1570888090185,1.0
499691824492813,images\UA\499691824492813.jpg,46.412152,29.9616,UA,Odessa,Starokozache,osv5m,1570888241525,1.0
125735689551742,images\UA\125735689551742.jpg,46.39672,30.095133,UA,Odessa,Starokozache,osv5m,1573894931259,1.0
3017008861916686,images\UA\3017008861916686.jpg,46.449675,29.921779,UA,Odessa,Starokozache,osv5m,1570888071375,1.0
538440020655695,images\UA\538440020655695.jpg,46.411222,29.962276,UA,Odessa,Starokozache,osv5m,1570888245729,1.0
1635237139996765,images\UA\1635237139996765.jpg,46.416087,29.958696,UA,Odessa,Starokozache,osv5m,1570888225774,1.0
215951256757310,images\UA\215951256757310.jpg,46.411618,30.077037,UA,Odessa,Starokozache,osv5m,1573970380952,1.0
306003021054085,images\UA\306003021054085.jpg,46.418396,29.956936,UA,Odessa,Starokozache,osv5m,1564206702590,1.0
909470779627392,images\UA\909470779627392.jpg,46.409367,30.108571,UA,Odessa,Bilyayivka,osv5m,1498394100588,1.0
550220469340911,images\UA\550220469340911.jpg,46.41092,29.962494,UA,Odessa,Starokozache,osv5m,1570888246908,1.0
1010875659445784,images\UA\1010875659445784.jpg,46.413006,30.103412,UA,Odessa,Bilyayivka,osv5m,1570888985604,1.0
1242818312855013,images\UA\1242818312855013.jpg,46.429351,30.024539,UA,Odessa,Starokozache,osv5m,1570888537765,1.0
269436881594846,images\UA\269436881594846.jpg,46.3998,29.975623,UA,Odessa,Starokozache,osv5m,1570888339416,1.0
508617460556883,images\UA\508617460556883.jpg,46.410957,29.99474,UA,Odessa,Starokozache,osv5m,1570888418896,1.0
314491810081420,images\UA\314491810081420.jpg,46.418228,30.059649,UA,Odessa,Starokozache,osv5m,1570888758090,1.0
842897343243025,images\UA\842897343243025.jpg,46.429313,29.947441,UA,Odessa,Starokozache,osv5m,1570888169128,1.0
505271310888266,images\UA\505271310888266.jpg,46.444369,29.928505,UA,Odessa,Starokozache,osv5m,1570888097597,1.0
275071510976571,images\UA\275071510976571.jpg,46.40696,30.10596,UA,Odessa,Bilyayivka,osv5m,1498730024443,1.0
522394092109123,images\UA\522394092109123.jpg,46.409735,30.099117,UA,Odessa,Starokozache,osv5m,1570888952315,1.0
184845763404581,images\UA\184845763404581.jpg,46.430988,29.945298,UA,Odessa,Starokozache,osv5m,1570888160793,1.0
516059566197287,images\UA\516059566197287.jpg,46.390171,30.090041,UA,Odessa,Starokozache,osv5m,1498730108035,1.0
187511929798403,images\UA\187511929798403.jpg,46.41021,29.963017,UA,Odessa,Starokozache,osv5m,1570888250007,1.0
470371170737716,images\UA\470371170737716.jpg,46.406778,29.965574,UA,Odessa,Starokozache,osv5m,1570888264395,1.0
464691244828917,images\UA\464691244828917.jpg,46.412984,30.103493,UA,Odessa,Bilyayivka,osv5m,1570888986025,1.0
190702936237095,images\UA\190702936237095.jpg,46.412611,30.104599,UA,Odessa,Bilyayivka,osv5m,1570888991631,1.0
194971622446487,images\UA\194971622446487.jpg,46.419065,29.956512,UA,Odessa,Starokozache,osv5m,1570888214197,1.0
300350908327306,images\UA\300350908327306.jpg,46.416884,30.00492,UA,Odessa,Starokozache,osv5m,1570888458619,1.0
748732572464582,images\UA\748732572464582.jpg,46.464169,29.903607,UA,Odessa,Starokozache,osv5m,1570888001694,1.0
468431620902157,images\UA\468431620902157.jpg,46.408112,29.989859,UA,Odessa,Starokozache,osv5m,1570888399939,1.0
461451424920160,images\UA\461451424920160.jpg,46.687549,29.928395,UA,Odessa,Lymanske,osv5m,1582968514400,1.0
1031933840544297,images\UA\1031933840544297.jpg,46.676027,29.920185,UA,Odessa,Lymanske,osv5m,1582968579100,1.0
307621861080320,images\UA\307621861080320.jpg,46.672135,29.918714,UA,Odessa,Lymanske,osv5m,1582968597600,1.0
767556403955739,images\UA\767556403955739.jpg,46.67744,29.920799,UA,Odessa,Lymanske,osv5m,1582968572000,1.0
518200779547771,images\UA\518200779547771.jpg,46.681164,29.923269,UA,Odessa,Lymanske,osv5m,1582968551000,1.0
312819533729075,images\UA\312819533729075.jpg,46.668699,29.917396,UA,Odessa,Lymanske,osv5m,1582968616000,1.0
1754273521411218,images\UA\1754273521411218.jpg,46.681279,29.923361,UA,Odessa,Lymanske,osv5m,1582968550200,1.0
1191139701299813,images\UA\1191139701299813.jpg,46.690918,29.931295,UA,Odessa,Lymanske,osv5m,1582968497000,1.0
185344906789932,images\UA\185344906789932.jpg,46.671267,29.918388,UA,Odessa,Lymanske,osv5m,1582968602200,1.0
198714165402974,images\UA\198714165402974.jpg,46.687291,29.928183,UA,Odessa,Lymanske,osv5m,1582968515700,1.0
897092141147192,images\UA\897092141147192.jpg,46.676567,29.920406,UA,Odessa,Lymanske,osv5m,1582968576500,1.0
1521700804828118,images\UA\1521700804828118.jpg,46.688319,29.929025,UA,Odessa,Lymanske,osv5m,1582968510600,1.0
2891622721059175,images\UA\2891622721059175.jpg,46.412299,30.121177,UA,Odessa,Bilyayivka,osv5m,1498729968124,1.0
1026135387919580,images\UA\1026135387919580.jpg,46.414372,30.155679,UA,Odessa,Bilyayivka,osv5m,1570892936070,1.0
286127809710927,images\UA\286127809710927.jpg,46.413678,30.159059,UA,Odessa,Bilyayivka,osv5m,1544867212500,1.0
494775758231683,images\UA\494775758231683.jpg,46.41203,30.123701,UA,Odessa,Bilyayivka,osv5m,1498729958488,1.0
775419640010795,images\UA\775419640010795.jpg,46.414036,30.158875,UA,Odessa,Bilyayivka,osv5m,1498729815616,1.0
1581779972027974,images\UA\1581779972027974.jpg,46.413906,30.150932,UA,Odessa,Bilyayivka,osv5m,1576396649500,1.0
3336626319773658,images\UA\3336626319773658.jpg,46.410283,30.131609,UA,Odessa,Bilyayivka,osv5m,1544867286500,1.0
286192189878491,images\UA\286192189878491.jpg,46.413637,30.160381,UA,Odessa,Bilyayivka,osv5m,1498729809360,1.0
483695569714752,images\UA\483695569714752.jpg,46.413367,30.161394,UA,Odessa,Bilyayivka,osv5m,1498729805188,1.0
273839817757538,images\UA\273839817757538.jpg,46.410316,30.134898,UA,Odessa,Bilyayivka,osv5m,1573894770560,1.0
3947686611981132,images\UA\3947686611981132.jpg,46.413984,30.1579,UA,Odessa,Bilyayivka,osv5m,1544867215000,1.0
928702467916118,images\UA\928702467916118.jpg,46.910344,29.733585,UA,Odessa,Velykoploske,osv5m,1582967034000,1.0
470847587359879,images\UA\470847587359879.jpg,46.915226,29.729641,UA,Odessa,Velykoploske,osv5m,1582967010600,1.0
300024584928122,images\UA\300024584928122.jpg,46.967475,29.549289,UA,Odessa,Velykoploske,osv5m,1582972381200,1.0
306581521110546,images\UA\306581521110546.jpg,46.967285,29.549482,UA,Odessa,Velykoploske,osv5m,1582972380100,1.0
227598375384602,images\UA\227598375384602.jpg,46.952708,29.560205,UA,Odessa,Velykoploske,osv5m,1582972306900,1.0
937352903754404,images\UA\937352903754404.jpg,46.908602,29.734129,UA,Odessa,Velykoploske,osv5m,1582967040900,1.0
314210686735853,images\UA\314210686735853.jpg,46.917853,29.722112,UA,Odessa,Velykoploske,osv5m,1582966985600,1.0
482466792969632,images\UA\482466792969632.jpg,46.951676,29.561106,UA,Odessa,Velykoploske,osv5m,1582972302100,1.0
221213693147224,images\UA\221213693147224.jpg,46.962006,29.553209,UA,Odessa,Velykoploske,osv5m,1582972353000,1.0
812091782755724,images\UA\812091782755724.jpg,46.923268,29.70036,UA,Odessa,Velykoploske,osv5m,1582966913100,1.0
202771988204051,images\UA\202771988204051.jpg,46.957051,29.556483,UA,Odessa,Velykoploske,osv5m,1582972327000,1.0
515102812950695,images\UA\515102812950695.jpg,46.964968,29.551259,UA,Odessa,Velykoploske,osv5m,1582972366900,1.0
168097005239296,images\UA\168097005239296.jpg,46.959202,29.555055,UA,Odessa,Velykoploske,osv5m,1582972337600,1.0
1077427789332357,images\UA\1077427789332357.jpg,46.915417,29.729336,UA,Odessa,Velykoploske,osv5m,1582967009400,1.0
472094447235694,images\UA\472094447235694.jpg,46.962542,29.552845,UA,Odessa,Velykoploske,osv5m,1582972355800,1.0
376298883753253,images\UA\376298883753253.jpg,46.957992,29.55585,UA,Odessa,Velykoploske,osv5m,1582972331600,1.0
970880853740507,images\UA\970880853740507.jpg,46.920173,29.712884,UA,Odessa,Velykoploske,osv5m,1582966954100,1.0
377004753666002,images\UA\377004753666002.jpg,46.913129,29.732069,UA,Odessa,Velykoploske,osv5m,1582967021900,1.0
478823110003891,images\UA\478823110003891.jpg,46.918963,29.717707,UA,Odessa,Velykoploske,osv5m,1582966970400,1.0
4021789721234702,images\UA\4021789721234702.jpg,46.958692,29.555387,UA,Odessa,Velykoploske,osv5m,1582972335100,1.0
527570794922335,images\UA\527570794922335.jpg,46.918027,29.721428,UA,Odessa,Velykoploske,osv5m,1582966983100,1.0
377557760279182,images\UA\377557760279182.jpg,46.964759,29.55139,UA,Odessa,Velykoploske,osv5m,1582972365800,1.0
178128844162459,images\UA\178128844162459.jpg,47.889304,25.165554,UA,Chernivtsi,Putyla,osv5m,1430927778000,1.0
2036527883153663,images\UA\2036527883153663.jpg,47.889417,25.165662,UA,Chernivtsi,Putyla,osv5m,1430927774000,1.0
3896235817158294,images\UA\3896235817158294.jpg,47.889941,25.165916,UA,Chernivtsi,Putyla,osv5m,1430927753000,1.0
457603105496574,images\UA\457603105496574.jpg,47.889844,25.165924,UA,Chernivtsi,Putyla,osv5m,1430927756000,1.0
479337983357660,images\UA\479337983357660.jpg,48.233688,28.295415,UA,Vinnyts'ka,Yampil',osv5m,1435138015000,1.0
322164079364478,images\UA\322164079364478.jpg,48.20238,28.311946,UA,Vinnyts'ka,Yampil',osv5m,1435137231000,1.0
469752944318210,images\UA\469752944318210.jpg,48.229519,28.293842,UA,Vinnyts'ka,Yampil',osv5m,1435138125000,1.0
507740013601551,images\UA\507740013601551.jpg,48.233912,28.295433,UA,Vinnyts'ka,Yampil',osv5m,1435138007000,1.0
552187726146677,images\UA\552187726146677.jpg,48.232524,28.293505,UA,Vinnyts'ka,Yampil',osv5m,1435138039000,1.0
338009074420686,images\UA\338009074420686.jpg,48.201959,28.312214,UA,Vinnyts'ka,Yampil',osv5m,1435137229000,1.0
597877417856756,images\UA\597877417856756.jpg,48.440791,27.789835,UA,Vinnyts'ka,Mohyliv-Podil's'kyy,osv5m,1435318106000,1.0
1667817646762237,images\UA\1667817646762237.jpg,50.414209,23.742459,UA,Lviv,Uhniv,osv5m,1556533631000,1.0
964618647653640,images\UA\964618647653640.jpg,50.413103,23.735909,UA,Lviv,Uhniv,osv5m,1556533650000,1.0
4224736877590094,images\UA\4224736877590094.jpg,51.546416,23.937683,UA,Volyn,Shats'k,osv5m,1469265660000,1.0
135516458558656,images\UA\135516458558656.jpg,51.617453,30.477726,UA,Chernihiv,Lyubech,osv5m,1539493638200,1.0
162866455651211,images\UA\162866455651211.jpg,51.604695,30.470858,UA,Chernihiv,Lyubech,osv5m,1539493583196,1.0
1421520888186021,images\UA\1421520888186021.jpg,51.578196,30.48613,UA,Chernihiv,Lyubech,osv5m,1539493461198,1.0
318362969649750,images\UA\318362969649750.jpg,51.564047,30.495347,UA,Chernihiv,Lyubech,osv5m,1539493390197,1.0
661488671947466,images\UA\661488671947466.jpg,49.95311,38.953544,UA,Luhansk,Lozno-Oleksandrivka,osv5m,1639819768212,1.0
1086341908788910,images\UA\1086341908788910.jpg,49.994588,39.031922,UA,Luhansk,Lozno-Oleksandrivka,osv5m,1639820191685,1.0
3160477897563125,images\UA\3160477897563125.jpg,49.996281,39.037192,UA,Luhansk,Lozno-Oleksandrivka,osv5m,1639820207529,1.0
948946056022990,images\UA\948946056022990.jpg,49.952652,38.958235,UA,Luhansk,Lozno-Oleksandrivka,osv5m,1639819808226,1.0
329197745695478,images\UA\329197745695478.jpg,49.992463,39.025476,UA,Luhansk,Lozno-Oleksandrivka,osv5m,1639820171636,1.0
673140540338798,images\UA\673140540338798.jpg,49.952981,38.95851,UA,Luhansk,Lozno-Oleksandrivka,osv5m,1639819813205,1.0
3174440122838732,images\UA\3174440122838732.jpg,49.951319,38.956131,UA,Luhansk,Lozno-Oleksandrivka,osv5m,1639819789596,1.0
325658515863068,images\UA\325658515863068.jpg,49.992116,39.024519,UA,Luhansk,Lozno-Oleksandrivka,osv5m,1639820168628,1.0
946393235984749,images\UA\946393235984749.jpg,49.995517,39.03482,UA,Luhansk,Lozno-Oleksandrivka,osv5m,1639820200216,1.0
335959224554952,images\UA\335959224554952.jpg,50.814175,35.421771,UA,Sumy,Krasnopillya,osv5m,1561355281729,1.0
314601526846732,images\UA\314601526846732.jpg,50.81399,35.44363,UA,Sumy,Krasnopillya,osv5m,1561355188729,1.0
185687256759574,images\UA\185687256759574.jpg,50.818075,35.452097,UA,Sumy,Krasnopillya,osv5m,1561355146729,1.0
482147446390166,images\UA\482147446390166.jpg,50.813915,35.428048,UA,Sumy,Krasnopillya,osv5m,1561355258229,1.0
835858563947924,images\UA\835858563947924.jpg,50.814259,35.442388,UA,Sumy,Krasnopillya,osv5m,1561355197229,1.0
548178533232560,images\UA\548178533232560.jpg,50.814931,35.445818,UA,Sumy,Krasnopillya,osv5m,1561355171229,1.0
